[
    {
        "imgPath" : "https://encrypted-tbn0.gstatic.com/images?q=tbn:ANd9GcRJr2-HpJq62inTMCq4uY7TsQ2TtwL94VEbcA&usqp=CAU",
        "blogTitle" : "Buy Your Dream Customized PC Cabinte",
        "author" : "BY OSCAR GONZALEZ",
        "articleDescription" : "Article description nhy nhy njy"
    },
    {
        "imgPath" : "https://encrypted-tbn0.gstatic.com/images?q=tbn:ANd9GcRiVsZVuV-dCEcUnXhAXFTjiyIiiUwnC9gPcQ&usqp=CAU",
        "blogTitle" : "Buy Your Dream Customized PC Cabinte",
        "author" : "BY OSCAR GONZALEZ",
        "articleDescription" : "Article description nhy nhy njy"
    },
    {
        "imgPath" : "https://encrypted-tbn0.gstatic.com/images?q=tbn:ANd9GcRiVsZVuV-dCEcUnXhAXFTjiyIiiUwnC9gPcQ&usqp=CAU",
        "blogTitle" : "Buy Your Dream Customized PC Cabinte",
        "author" : "BY OSCAR GONZALEZ",
        "articleDescription" : "Article description nhy nhy njy"
    },
    {
        "imgPath" : "https://encrypted-tbn0.gstatic.com/images?q=tbn:ANd9GcRiVsZVuV-dCEcUnXhAXFTjiyIiiUwnC9gPcQ&usqp=CAU",
        "blogTitle" : "Buy Your Dream Customized PC Cabinte",
        "author" : "BY OSCAR GONZALEZ",
        "articleDescription" : "Article description nhy nhy njy"
    },
    {
        "imgPath" : "https://encrypted-tbn0.gstatic.com/images?q=tbn:ANd9GcRiVsZVuV-dCEcUnXhAXFTjiyIiiUwnC9gPcQ&usqp=CAU",
        "blogTitle" : "Buy Your Dream Customized PC Cabinte",
        "author" : "BY OSCAR GONZALEZ",
        "articleDescription" : "Article description nhy nhy njy"
    },
    {
        "imgPath" : "https://encrypted-tbn0.gstatic.com/images?q=tbn:ANd9GcRiVsZVuV-dCEcUnXhAXFTjiyIiiUwnC9gPcQ&usqp=CAU",
        "blogTitle" : "Buy Your Dream Customized PC Cabinte",
        "author" : "BY OSCAR GONZALEZ",
        "articleDescription" : "Article description nhy nhy njy"
    },
    {
        "imgPath" : "https://encrypted-tbn0.gstatic.com/images?q=tbn:ANd9GcRiVsZVuV-dCEcUnXhAXFTjiyIiiUwnC9gPcQ&usqp=CAU",
        "blogTitle" : "Buy Your Dream Customized PC Cabinte",
        "author" : "BY OSCAR GONZALEZ",
        "articleDescription" : "Article description nhy nhy njy"
    }
]