[
    {
        "imgPath" : "https://i.gadgets360cdn.com/large/mvp_pc_build_1604313319165.jpg?downsize=950:*",
        "blogTitle" : "The best Customized 11",
        "shortDescription" : "the best Customized pc you can have is here isis here isis here isis here isis here isis here isis here isis here isis here is",
        "author" : "BY KANE WILLIAMSAN",
        "last-update" : "21 HRS AGO"
    },
    {
        "imgPath" : "https://i.gadgets360cdn.com/large/mvp_pc_build_1604313319165.jpg?downsize=950:*",
        "blogTitle" : "The best Customized 22",
        "shortDescription" : "the best Customized pc you can have is here isis here isis here isis here isis here isis here isis here isis here isis here is",
        "author" : "BY KANE WILLIAMSAN",
        "last-update" : "21 HRS AGO"
    },
    {
        "imgPath" : "https://i.gadgets360cdn.com/large/mvp_pc_build_1604313319165.jpg?downsize=950:*",
        "blogTitle" : "The best Customized 33",
        "shortDescription" : "the best Customized pc you can have is here isis here isis here isis here isis here isis here isis here isis here isis here is",
        "author" : "BY KANE WILLIAMSAN",
        "last-update" : "21 HRS AGO"
    },
    {
        "imgPath" : "https://i.gadgets360cdn.com/large/mvp_pc_build_1604313319165.jpg?downsize=950:*",
        "blogTitle" : "The best Customized 44",
        "shortDescription" : "the best Customized pc you can have is here isis here isis here isis here isis here isis here isis here isis here isis here is",
        "author" : "BY KANE WILLIAMSAN",
        "last-update" : "21 HRS AGO"
    },
    {
        "imgPath" : "https://i.gadgets360cdn.com/large/mvp_pc_build_1604313319165.jpg?downsize=950:*",
        "blogTitle" : "The best Customized 55",
        "shortDescription" : "the best Customized pc you can have is here isis here isis here isis here isis here isis here isis here isis here isis here is",
        "author" : "BY KANE WILLIAMSAN",
        "last-update" : "21 HRS AGO"
    },
    {
        "imgPath" : "https://i.gadgets360cdn.com/large/mvp_pc_build_1604313319165.jpg?downsize=950:*",
        "blogTitle" : "The best Customized 66",
        "shortDescription" : "the best Customized pc you can have is here isis here isis here isis here isis here isis here isis here isis here isis here is",
        "author" : "BY KANE WILLIAMSAN",
        "last-update" : "21 HRS AGO"
    },
    {
        "imgPath" : "https://i.gadgets360cdn.com/large/mvp_pc_build_1604313319165.jpg?downsize=950:*",
        "blogTitle" : "The best Customized 77",
        "shortDescription" : "the best Customized pc you can have is here isis here isis here isis here isis here isis here isis here isis here isis here is",
        "author" : "BY KANE WILLIAMSAN",
        "last-update" : "21 HRS AGO"
    },
    {
        "imgPath" : "https://i.gadgets360cdn.com/large/mvp_pc_build_1604313319165.jpg?downsize=950:*",
        "blogTitle" : "The best Customized 88",
        "shortDescription" : "the best Customized pc you can have is here isis here isis here isis here isis here isis here isis here isis here isis here is",
        "author" : "BY KANE WILLIAMSAN",
        "last-update" : "21 HRS AGO"
    },
    {
        "imgPath" : "https://i.gadgets360cdn.com/large/mvp_pc_build_1604313319165.jpg?downsize=950:*",
        "blogTitle" : "The best Customized 99",
        "shortDescription" : "the best Customized pc you can have is here isis here isis here isis here isis here isis here isis here isis here isis here is",
        "author" : "BY KANE WILLIAMSAN",
        "last-update" : "21 HRS AGO"
    },
    {
        "imgPath" : "https://i.gadgets360cdn.com/large/mvp_pc_build_1604313319165.jpg?downsize=950:*",
        "blogTitle" : "The best Customized 111",
        "shortDescription" : "the best Customized pc you can have is here isis here isis here isis here isis here isis here isis here isis here isis here is",
        "author" : "BY KANE WILLIAMSAN",
        "last-update" : "21 HRS AGO"
    },
    {
        "imgPath" : "https://i.gadgets360cdn.com/large/mvp_pc_build_1604313319165.jpg?downsize=950:*",
        "blogTitle" : "The best Customized 222",
        "shortDescription" : "the best Customized pc you can have is here isis here isis here isis here isis here isis here isis here isis here isis here is",
        "author" : "BY KANE WILLIAMSAN",
        "last-update" : "21 HRS AGO"
    },
    {
        "imgPath" : "https://i.gadgets360cdn.com/large/mvp_pc_build_1604313319165.jpg?downsize=950:*",
        "blogTitle" : "The best Customized 333",
        "shortDescription" : "the best Customized pc you can have is here isis here isis here isis here isis here isis here isis here isis here isis here is",
        "author" : "BY KANE WILLIAMSAN",
        "last-update" : "21 HRS AGO"
    },
    {
        "imgPath" : "https://i.gadgets360cdn.com/large/mvp_pc_build_1604313319165.jpg?downsize=950:*",
        "blogTitle" : "The best Customized 444",
        "shortDescription" : "the best Customized pc you can have is here isis here isis here isis here isis here isis here isis here isis here isis here is",
        "author" : "BY KANE WILLIAMSAN",
        "last-update" : "21 HRS AGO"
    },
    {
        "imgPath" : "https://i.gadgets360cdn.com/large/mvp_pc_build_1604313319165.jpg?downsize=950:*",
        "blogTitle" : "The best Customized 555",
        "shortDescription" : "the best Customized pc you can have is here isis here isis here isis here isis here isis here isis here isis here isis here is",
        "author" : "BY KANE WILLIAMSAN",
        "last-update" : "21 HRS AGO"
    }
]