[
    {
        "imgPath": "https://encrypted-tbn0.gstatic.com/images?q=tbn:ANd9GcRJr2-HpJq62inTMCq4uY7TsQ2TtwL94VEbcA&usqp=CAU",
        "blogTitle": "Buy Dream PC Cabinet from pruthatek2",
        "author": "OSCAR GONZALEZ"
    },
    {
        "imgPath": "https://encrypted-tbn0.gstatic.com/images?q=tbn:ANd9GcRiVsZVuV-dCEcUnXhAXFTjiyIiiUwnC9gPcQ&usqp=CAU",
        "blogTitle": "Buy Dream PC Cabinet from pruthatek2",
        "author": "BY OSCAR GONZALEZ"
    },
    {
        "imgPath": "https://encrypted-tbn0.gstatic.com/images?q=tbn:ANd9GcRiVsZVuV-dCEcUnXhAXFTjiyIiiUwnC9gPcQ&usqp=CAU",
        "blogTitle": "Buy Dream PC Cabinet from pruthatek2",
        "author": "BY OSCAR GONZALEZ"
    },
    {
        "imgPath": "https://encrypted-tbn0.gstatic.com/images?q=tbn:ANd9GcRJr2-HpJq62inTMCq4uY7TsQ2TtwL94VEbcA&usqp=CAU",
        "blogTitle": "Buy Dream PC Cabinet from pruthatek2",
        "author": "BY OSCAR GONZALEZ"
    },
    {
        "imgPath": "https://encrypted-tbn0.gstatic.com/images?q=tbn:ANd9GcRiVsZVuV-dCEcUnXhAXFTjiyIiiUwnC9gPcQ&usqp=CAU",
        "blogTitle": "Buy Dream PC Cabinet from pruthatek2",
        "author": "BY OSCAR GONZALEZ"
    },
    {
        "imgPath": "https://encrypted-tbn0.gstatic.com/images?q=tbn:ANd9GcRiVsZVuV-dCEcUnXhAXFTjiyIiiUwnC9gPcQ&usqp=CAU",
        "blogTitle": "Buy Dream PC Cabinet from pruthatek2",
        "author": "BY OSCAR GONZALEZ"
    },
    {
        "imgPath": "https://encrypted-tbn0.gstatic.com/images?q=tbn:ANd9GcRJr2-HpJq62inTMCq4uY7TsQ2TtwL94VEbcA&usqp=CAU",
        "blogTitle": "Buy Dream PC Cabinet from pruthatek2",
        "author": "BY OSCAR GONZALEZ"
    },
    {
        "imgPath": "https://encrypted-tbn0.gstatic.com/images?q=tbn:ANd9GcRiVsZVuV-dCEcUnXhAXFTjiyIiiUwnC9gPcQ&usqp=CAU",
        "blogTitle": "Buy Dream PC Cabinet from pruthatek2",
        "author": "BY OSCAR GONZALEZ"
    },
    {
        "imgPath": "https://encrypted-tbn0.gstatic.com/images?q=tbn:ANd9GcRiVsZVuV-dCEcUnXhAXFTjiyIiiUwnC9gPcQ&usqp=CAU",
        "blogTitle": "Buy Dream PC Cabinet from pruthatek2",
        "author": "BY OSCAR GONZALEZ"
    }
]